{
    "Training": [
        0.08024803177864931,
        0.036861458432757115,
        0.018075838265293097,
        0.021416729010697407,
        0.0073860151605087306,
        0.011215851946442154,
        0.005155845738896682,
        0.0043715918350416,
        0.0054938823845827045,
        0.0054938823845827045
    ],
    "Validation": [
        0.08517691161644776,
        0.041957857079846665,
        0.027653381299489164,
        0.0385841956317595,
        0.017621310867524095,
        0.025514699625414805,
        0.018911558465280157,
        0.008817443087558493,
        0.016953593944046382,
        0.016953593944046382
    ],
    "Test": [
        0.0892182326768987,
        0.04170736328090847,
        0.02067935012222289,
        0.031321764956635,
        0.017172495959642545,
        0.022717558075054035,
        0.018512342487992176,
        0.017218669976217415,
        0.019214507081062232,
        0.019214507081062232
    ]
}