{
    "Training": [
        0.058108561955616665,
        0.052406743629304114,
        0.026139299999553136,
        0.017631590776223637,
        0.02481124610453073,
        0.020614269761422603,
        0.02300758304741958,
        0.01060208376082863,
        0.019355343550437776,
        0.019355343550437776
    ],
    "Validation": [
        0.07049727070452304,
        0.06220307496513812,
        0.0420044777025659,
        0.03039968905680622,
        0.02713711025394724,
        0.043771961148484965,
        0.04164392439737726,
        0.036536337347893244,
        0.04109122058423572,
        0.04109122058423572
    ],
    "Test": [
        0.07783258384562858,
        0.07665711233609193,
        0.05414345280671864,
        0.04063769102059123,
        0.06478054867053178,
        0.05588778029752492,
        0.05338471253260456,
        0.04385533567813734,
        0.06612082018052852,
        0.06612082018052852
    ]
}