{
    "Training": [
        0.6784779962262282,
        0.5095326431627393,
        0.44149240376574295,
        0.3749571125875417,
        0.35167517030859713,
        0.323951659954116,
        0.2938809235901019,
        0.30428485127767735,
        0.28551024974020744,
        0.28551024974020744
    ],
    "Validation": [
        0.6034800567496409,
        0.4511899076432508,
        0.3915955340844633,
        0.33534687086030196,
        0.314236029836477,
        0.29071110796804916,
        0.2676019245580175,
        0.28109109644680563,
        0.2676824102721918,
        0.2676824102721918
    ],
    "Test": [
        0.6454841556212374,
        0.49008249764451545,
        0.42722227285324615,
        0.36382697170301703,
        0.3468093217300777,
        0.31759251090804586,
        0.28853783022455926,
        0.299033152896072,
        0.2943228974867299,
        0.2943228974867299
    ]
}