{
    "Training": [
        0.0687759101059018,
        0.02614190207384162,
        0.02512668055184708,
        0.012809732086970489,
        0.010000382165837688,
        0.011095799655130596,
        0.009705585265456796,
        0.005824116756025034,
        0.007136401981993247,
        0.007136401981993247
    ],
    "Validation": [
        0.06799332346647283,
        0.02529246569740339,
        0.035380892032899354,
        0.025774882095232363,
        0.01675069127936767,
        0.0170643838216878,
        0.020252635744690283,
        0.012978808232623752,
        0.010008194500982958,
        0.010008194500982958
    ],
    "Test": [
        0.10380077930913797,
        0.049419687137199665,
        0.051109751454600706,
        0.02997686648970196,
        0.03186190275120805,
        0.03961340167573235,
        0.03323871555495795,
        0.016302309275159285,
        0.02704127239159705,
        0.02704127239159705
    ]
}