{
    "Training": [
        0.03855306010867734,
        0.025626002466515897,
        0.016408454368557614,
        0.012315954919837745,
        0.0087454204171467,
        0.01118613573003034,
        0.013079231339102569,
        0.006284201411765508,
        0.0033054098684647433,
        0.0033054098684647433
    ],
    "Validation": [
        0.05265322319396278,
        0.03593671702064196,
        0.026086203379022396,
        0.025449519206245583,
        0.022813154425325867,
        0.02102972230922923,
        0.023368866962342732,
        0.015589897552301685,
        0.021448560150792523,
        0.021448560150792523
    ],
    "Test": [
        0.059263687241353266,
        0.04149266624448195,
        0.04641583354319206,
        0.03821925237117902,
        0.03503219292699686,
        0.035681839334448406,
        0.04092260395046714,
        0.02970957719718234,
        0.029294595963747946,
        0.029294595963747946
    ]
}