{
    "Training": [
        0.9848666929773444,
        0.7237806733646875,
        0.6014049945609259,
        0.4824738230109434,
        0.38257253657969803,
        0.3517070622656076,
        0.28349001732358525,
        0.3117682449803789,
        0.19188327837538863,
        0.19188327837538863
    ],
    "Validation": [
        0.901364954850694,
        0.6542440309618915,
        0.5381684872868587,
        0.4364777571606804,
        0.3394085509903092,
        0.3274282369145223,
        0.2658662449270818,
        0.2965587119486071,
        0.2049565423733775,
        0.2049565423733775
    ],
    "Test": [
        0.928597034752824,
        0.6859542764780175,
        0.5738161418103535,
        0.4566244349978466,
        0.375613967134468,
        0.35218650942938473,
        0.2944520950889684,
        0.3217859558542508,
        0.20925338577540442,
        0.20925338577540442
    ]
}