{
    "Training": [
        0.05123384262028512,
        0.04332139495013302,
        0.025541465498897416,
        0.021520957826675357,
        0.025392975525983793,
        0.02491121591274877,
        0.01556544506359249,
        0.01531570149638121,
        0.011340487122075235,
        0.011340487122075235
    ],
    "Validation": [
        0.06264198016164438,
        0.05043390032257664,
        0.05690849863372287,
        0.03908454431258144,
        0.047600585199278296,
        0.04884003018114752,
        0.03441410363792475,
        0.03334970490782522,
        0.02481379516027424,
        0.02481379516027424
    ],
    "Test": [
        0.08132544790487026,
        0.0685881923709086,
        0.054607762984566224,
        0.06371369683964645,
        0.06693712965366902,
        0.05571521489340017,
        0.04698252849071053,
        0.04132636470777602,
        0.04534210976689965,
        0.04534210976689965
    ]
}