{
    "Training": [
        0.6353425449137305,
        0.4083241014527123,
        0.2655917125485127,
        0.13592669824441447,
        0.13315738537550645,
        0.08477881215506307,
        0.075104234326531,
        0.10944007189147505,
        0.05021473918977187,
        0.05021473918977187
    ],
    "Validation": [
        0.5609736553042896,
        0.3712974845139221,
        0.23876353560819744,
        0.13507772647698874,
        0.1372138049017295,
        0.08798215857765883,
        0.08789275563950814,
        0.12291889868980212,
        0.06891887673039694,
        0.06891887673039694
    ],
    "Test": [
        0.6245374568091094,
        0.40309791735565387,
        0.28555079362149,
        0.1651361587681303,
        0.14996795546519393,
        0.11606040867241028,
        0.10653861514408185,
        0.14382519714329,
        0.089870859310653,
        0.089870859310653
    ]
}