{
    "Training": [
        0.3750793488707417,
        0.30225753328433547,
        0.2527676116267109,
        0.2319974975463637,
        0.20267171744963114,
        0.1972540409613428,
        0.18942549940247072,
        0.17645073470173725,
        0.17241788598164012,
        0.17241788598164012
    ],
    "Validation": [
        0.36427354950442653,
        0.2991333272186829,
        0.2541975121549942,
        0.2334101820199899,
        0.20867831047291513,
        0.20167101106595742,
        0.19320808166325854,
        0.18276418234237832,
        0.18594509235367385,
        0.18594509235367385
    ],
    "Test": [
        0.40544833734574665,
        0.32917775971857643,
        0.28269395039466616,
        0.2633467697049669,
        0.23103694477552222,
        0.22688366765394552,
        0.21820725947174152,
        0.20134261001211606,
        0.19688956417456155,
        0.19688956417456155
    ]
}