{
    "Training": [
        0.0825817931307328,
        0.0337871062426137,
        0.017467778908945297,
        0.012486344382517974,
        0.007014342522458438,
        0.006378024264100107,
        0.005715602930913541,
        0.00442903529443688,
        0.007556847268604432,
        0.007556847268604432
    ],
    "Validation": [
        0.10439167299407458,
        0.04486310858826614,
        0.02780718582821984,
        0.020388499678568366,
        0.019775818067504315,
        0.013344858969077906,
        0.013286218009892114,
        0.013399632356787039,
        0.031961272664512375,
        0.031961272664512375
    ],
    "Test": [
        0.10523026663781578,
        0.04769350359703322,
        0.03875967608802536,
        0.04302270238565233,
        0.027090979538868378,
        0.024685231939012377,
        0.02759533013122911,
        0.022306976989859378,
        0.03156619343396088,
        0.03156619343396088
    ]
}