{
    "Training": [
        0.5146621106160629,
        0.19104622899019716,
        0.1726831628533941,
        0.258357346949108,
        0.07142507504887284,
        0.020222339186149067,
        0.018547229780977316,
        0.011258736643207876,
        0.007186474305143353,
        0.007186474305143353
    ],
    "Validation": [
        0.5858766345284491,
        0.23946639254022165,
        0.22431602013096505,
        0.30939610334069484,
        0.11579075247754629,
        0.042404691374560856,
        0.04491272835598713,
        0.02776517763738623,
        0.024915371854911054,
        0.024915371854911054
    ],
    "Test": [
        0.5414505713541089,
        0.2030227446601591,
        0.18836375061024463,
        0.26750578203394954,
        0.09759950950463615,
        0.03432293564593508,
        0.032423513248373524,
        0.016257957976348325,
        0.014505197813370948,
        0.014505197813370948
    ]
}