{
    "Training": [
        0.33039397228632755,
        0.2818495626538325,
        0.0479590150094589,
        0.033358423916392405,
        0.014811084204801758,
        0.013472040768181566,
        0.009798448049968957,
        0.00771099596173462,
        0.011408253838781817,
        0.011408253838781817
    ],
    "Validation": [
        0.3285006472645889,
        0.28032360396537787,
        0.06162360188634973,
        0.04454901362943304,
        0.025000384017402448,
        0.02268279513497365,
        0.024191484328303182,
        0.017631060863791796,
        0.02038747063401485,
        0.02038747063401485
    ],
    "Test": [
        0.3569117382339394,
        0.3331719745249125,
        0.0802436661342237,
        0.06394228396958579,
        0.039192561481173775,
        0.03941919113376501,
        0.03243051104788879,
        0.0282493189918145,
        0.034148846906161615,
        0.034148846906161615
    ]
}