{
    "Training": [
        0.5153813919044584,
        0.2988712554206732,
        2.1465350069693216,
        0.18143843002680415,
        0.0829470814867447,
        0.11822785606450394,
        0.09243061926423733,
        0.06648143419970481,
        0.10559585315667873,
        0.10559585315667873
    ],
    "Validation": [
        0.5166829668434735,
        0.3218377927089778,
        0.30676100937597883,
        0.2697226371829623,
        0.132493244149685,
        0.2001299965831476,
        0.0955228108945164,
        0.16357776532997223,
        0.19379076185593433,
        0.19379076185593433
    ],
    "Test": [
        0.520823317515941,
        0.3566100975384808,
        1.462922355953541,
        0.2792338196603564,
        0.1363510428568349,
        0.12983078556892982,
        0.1457173855837436,
        0.16872071554164939,
        0.2036202084562001,
        0.2036202084562001
    ]
}