{
    "Training": [
        0.3362229458323499,
        0.2499246210581619,
        0.29752647765209383,
        0.10463816514370787,
        0.015812740594882663,
        0.03870097976601006,
        0.014135934659269522,
        0.008237685413561745,
        0.00787811761401509,
        0.00787811761401509
    ],
    "Validation": [
        0.3324021415945516,
        0.24756273017011657,
        0.2842116957517286,
        0.0989985133926882,
        0.025713779937270136,
        0.04850770428637327,
        0.017565238118190687,
        0.02133383831299408,
        0.011329220002356538,
        0.011329220002356538
    ],
    "Test": [
        0.3661627229843431,
        0.29758783956662616,
        0.32865200689602786,
        0.1349120869481659,
        0.03871581542589133,
        0.07820698391440198,
        0.02745370365209826,
        0.027162433925376584,
        0.025323393413882445,
        0.025323393413882445
    ]
}