{
    "Training": [
        0.08841634689376948,
        0.02861306440014939,
        0.018216771223142435,
        0.016153513829015764,
        0.007349823985135671,
        0.005935417671620361,
        0.0070171742433035,
        0.02126971502576748,
        0.005070552082323153,
        0.005070552082323153
    ],
    "Validation": [
        0.11558535934745978,
        0.04892242544158725,
        0.03171844579761106,
        0.04114192935416411,
        0.015915900936264174,
        0.01949579866463775,
        0.024999311607533204,
        0.061843657373995886,
        0.021627205330440134,
        0.021627205330440134
    ],
    "Test": [
        0.10027710517569807,
        0.03707288968241738,
        0.02831066286623236,
        0.02455823627879971,
        0.014865413923561884,
        0.014300327258649324,
        0.012289184138359003,
        0.04180149699769635,
        0.016514427214438798,
        0.016514427214438798
    ]
}