{
    "Training": [
        0.042008412194520096,
        0.027287573642469958,
        0.02212081423578126,
        0.014148460861353086,
        0.024153723237718385,
        0.019194409031856496,
        0.028406211414923388,
        0.019705011955180412,
        0.011579731271515464,
        0.011579731271515464
    ],
    "Validation": [
        0.07550901601720178,
        0.05402192564562647,
        0.04923057203781727,
        0.038140731814912704,
        0.04853666094122508,
        0.04258292788256771,
        0.050243368839695754,
        0.05918187766665939,
        0.03866615444784947,
        0.03866615444784947
    ],
    "Test": [
        0.08169949005947996,
        0.05267298220228475,
        0.048093840305283325,
        0.019798783445242038,
        0.04276559250604784,
        0.03880560102416054,
        0.06870760915357416,
        0.06626863993009716,
        0.0395101411798649,
        0.0395101411798649
    ]
}