{
    "Training": [
        0.3998764385997981,
        0.32634918860154066,
        0.26064717926934694,
        0.2308596258412819,
        0.20973304554886704,
        0.20285746411191372,
        0.19066426501999068,
        0.18062990565556855,
        0.17468579274940155,
        0.17468579274940155
    ],
    "Validation": [
        0.4548234186413285,
        0.37461833318311594,
        0.31086401261259705,
        0.2708893672928705,
        0.2544868035008356,
        0.2489097425517741,
        0.22637472395318975,
        0.2201710454309914,
        0.2143737150675228,
        0.2143737150675228
    ],
    "Test": [
        0.4304136951119845,
        0.3503839647212556,
        0.2864096820340243,
        0.25650321691943945,
        0.23020004924415177,
        0.2223729703753106,
        0.21244917926360773,
        0.20718495488301886,
        0.19824586943758807,
        0.19824586943758807
    ]
}