{
    "Training": [
        0.04449588547359427,
        0.024468088632810005,
        0.02358013265099215,
        0.035340107607089534,
        0.029721630389361875,
        0.018044293593151146,
        0.02543247414278779,
        0.010253919818230643,
        0.01458418397681154,
        0.01458418397681154
    ],
    "Validation": [
        0.05946013838713599,
        0.04689791199545846,
        0.03851979542596409,
        0.05067484757980434,
        0.04342140297709564,
        0.031157164116967884,
        0.035687717232119755,
        0.02587290290219989,
        0.02797029889107162,
        0.02797029889107162
    ],
    "Test": [
        0.06519276942659653,
        0.04801947979615532,
        0.03224286570360698,
        0.04933480533681461,
        0.04652110895355017,
        0.0345354980310578,
        0.04656618849394294,
        0.026050898125209946,
        0.01582778383353798,
        0.01582778383353798
    ]
}