{
    "Training": [
        0.47684379732342996,
        0.38411206423680877,
        0.3320100035764996,
        0.29196577131763124,
        0.27868685649529873,
        0.26069894054588133,
        0.2297073421607594,
        0.22678281277482268,
        0.21063259891336333,
        0.21063259891336333
    ],
    "Validation": [
        0.498809249055218,
        0.4089472851558522,
        0.3566513052909651,
        0.3187767770611676,
        0.3126541303451436,
        0.2946056097150166,
        0.2591671778626128,
        0.2521268776278561,
        0.23854174821207227,
        0.23854174821207227
    ],
    "Test": [
        0.510299951423898,
        0.41465713631020473,
        0.3609033112023168,
        0.3299716393737023,
        0.3104723760051269,
        0.2954702774439547,
        0.25652557253946,
        0.2572409207833565,
        0.24484206272905892,
        0.24484206272905892
    ]
}