{
    "Training": [
        0.05279847764604541,
        0.028871103259027482,
        0.025515070023079543,
        0.018510742992966185,
        0.033461077364586596,
        0.026621448092779037,
        0.01764020272761231,
        0.030880248781943037,
        0.010933563433533184,
        0.010933563433533184
    ],
    "Validation": [
        0.06940921619699877,
        0.047303003377873416,
        0.050654212594602906,
        0.029155481372017737,
        0.05995803678282418,
        0.04380568258411663,
        0.050517241635017515,
        0.044293947186477965,
        0.03806572404209739,
        0.03806572404209739
    ],
    "Test": [
        0.08314739213190006,
        0.05156410273221385,
        0.04362665666551649,
        0.03652944060969824,
        0.05217252623868345,
        0.03843635370396566,
        0.037941497693483484,
        0.06591854308323512,
        0.033389971725232115,
        0.033389971725232115
    ]
}