{
    "Training": [
        0.3980207463552476,
        0.32746329788899475,
        0.29721881762603514,
        0.2573411338020539,
        0.24348835258378998,
        0.22112846813252515,
        0.21568308008544543,
        0.19421889352170468,
        0.18979114701954314,
        0.18979114701954314
    ],
    "Validation": [
        0.3770845301953722,
        0.3061907008204842,
        0.28047962291589984,
        0.24583078440605402,
        0.23694100051110834,
        0.21154679090840328,
        0.21361060229726508,
        0.19609955742522278,
        0.18758626295471736,
        0.18758626295471736
    ],
    "Test": [
        0.40058742627956484,
        0.3373357177864874,
        0.31732793450924274,
        0.26852757215307926,
        0.25630727793420627,
        0.22523078170093133,
        0.22269077834429732,
        0.2088902383341582,
        0.20376007226788978,
        0.20376007226788978
    ]
}